{
	"id": "ad213e46-543b-44fa-8b63-2646bd6adf0a",
	"name": "Second Ambient Variables",
	"values": [
		{
			"key": "id_project",
			"value": "5e6429648dcad713cc39fbbf",
			"enabled": true
		},
		{
			"key": "URL2",
			"value": "http://35.223.53.122/",
			"enabled": true
		},
		{
			"key": "id_add_todoTask",
			"value": "5e6429688dcad713cc39fbc0",
			"enabled": true
		},
		{
			"key": "comment_test",
			"value": "NovoComment",
			"enabled": true
		},
		{
			"key": "second_comment",
			"value": "SegundoComment",
			"enabled": true
		}
	],
	"_postman_variable_scope": "environment",
	"_postman_exported_at": "2020-03-08T00:17:04.320Z",
	"_postman_exported_using": "Postman/7.19.1"
}